time,vehicles
1,7
2,8
3,7
4,7
5,10
6,10
7,6
8,6
9,7
10,8
11,6
12,6
13,6
14,6
15,5
16,6
17,6
18,5
19,6
20,6
21,6
22,5
23,5
24,5
25,6
26,6
27,5
28,5
29,6
30,6
31,5
32,5
33,5
34,4
35,4
36,4
37,5
38,4
39,4
40,4
41,4
42,5
43,5
44,4
45,4
46,5
47,4
48,4
49,5
50,4
51,5
52,5
53,7
54,7
55,5
56,5
57,6
58,6
59,6
60,6
61,6
62,6
63,6
64,6
65,6
66,8
67,7
68,7
69,6
70,6
71,7
72,6
73,7
74,6
75,6
76,6
77,9
78,8
79,5
80,5
81,5
82,5
83,4
84,4
85,5
86,4
87,5
88,4
89,4
90,5
91,6
92,6
93,5
94,5
95,5
96,5
97,7
98,7
99,7
100,6
101,7
102,6
103,5
104,5
105,5
106,6
107,6
108,6
109,6
110,5
111,5
112,6
113,5
114,6
115,6
116,5
117,5
118,5
119,5
120,9
121,5
122,5
123,6
124,6
125,7
126,7
127,8
128,10
129,10
130,10
131,10
132,8
133,7
134,7
135,8
136,6
137,8
138,9
139,10
140,7
141,7
142,7
143,7
144,6
145,6
146,4
147,5
148,4
149,4
150,4
151,4
152,4
153,4
154,4
155,4
156,3
157,4
158,3
159,3
160,4
161,3
162,3
163,3
164,3
165,3
166,3
167,3
168,3
169,3
170,3
171,3
172,3
173,3
174,3
175,3
176,3
177,3
178,3
179,3
180,3
181,3
182,3
183,3
184,3
185,3
186,3
187,3
188,3
189,3
190,3
191,4
192,3
193,4
194,4
195,4
196,9
197,4
198,4
199,4
200,4
201,5
202,5
203,4
204,6
205,6
206,7
207,8
208,6
209,6
210,6
211,6
212,5
213,5
214,4
215,6
216,6
217,5
218,6
219,6
220,6
221,6
222,6
223,6
224,7
225,6
226,6
227,6
228,6
229,6
230,6
231,6
232,6
233,6
234,8
235,6
236,5
237,5
238,5
239,5
240,5
241,6
242,5
243,7
244,5
245,6
246,6
247,5
248,6
249,6
250,7
251,6
252,6
253,6
254,6
255,6
256,6
257,5
258,5
259,6
260,6
261,5
262,6
263,6
264,5
265,5
266,5
267,6
268,6
269,5
270,5
271,6
272,6
273,6
274,6
275,8
276,8
277,8
278,7
279,8
280,7
281,6
282,7
283,7
284,7
285,6
286,6
287,6
288,10
289,7
290,7
291,6
292,7
293,5
294,5
295,10
296,10
297,9
298,8
299,6
300,8
301,4
302,4
303,10
304,10
305,8
306,4
307,4
308,4
309,4
310,4
311,3
312,3
313,4
314,3
315,3
316,3
317,3
318,3
319,3
320,3
321,4
322,3
323,3
324,3
325,3
326,3
327,3
328,3
329,3
330,3
331,3
332,5
333,3
334,3
335,3
336,3
337,4
338,3
339,4
340,4
341,6
342,5
343,5
344,7
345,5
346,5
347,7
348,7
349,4
350,5
351,4
352,6
353,5
354,6
355,8
356,8
357,7
358,6
359,6
360,6
361,7
362,7
363,8
364,9
365,6
366,7
367,6
368,7
369,7
370,7
371,6
372,7
373,8
374,6
375,6
376,7
377,8
378,6
379,10
380,7
381,6
382,7
383,5
384,5
385,8
386,8
387,6
388,8
389,6
390,8
391,7
392,8
393,8
394,7
395,6
396,7
397,7
398,6
399,7
400,7
401,6
402,7
403,7
404,7
405,7
406,7
407,5
408,7
409,9
410,7
411,8
412,10
413,7
414,8
415,7
416,6
417,8
418,7
419,7
420,8
421,7
422,10
423,8
424,8
425,8
426,7
427,8
428,6
429,7
430,7
431,6
432,9
433,10
434,8
435,5
436,5
437,4
438,4
439,5
440,4
441,6
442,5
443,4
444,5
445,6
446,5
447,6
448,5
449,4
450,5
451,5
452,4
453,5
454,4
455,4
456,4
457,4
458,4
459,4
460,4
461,4
462,4
463,4
464,3
465,4
466,4
467,3
468,4
469,4
470,4
471,4
472,4
473,4
474,4
475,5
476,5
477,6
478,7
479,6
480,7
481,7
482,7
483,7
484,9
485,7
486,9
487,8
488,8
489,8
490,9
491,7
492,10
493,8
494,10
495,9
496,9
497,10
498,10
499,10
500,10
501,10
502,10
503,9
504,9
505,9
506,10
507,10
508,10
509,10
510,10
511,10
512,10
513,9
514,10
515,10
516,9
517,9
518,10
519,10
520,10
521,10
522,10
523,8
524,10
525,9
526,9
527,10
528,9
529,9
530,10
531,10
532,9
533,9
534,10
535,10
536,8
537,10
538,8
539,8
540,8
541,10
542,9
543,9
544,10
545,9
546,8
547,9
548,10
549,9
550,10
551,10
552,10
553,10
554,10
555,10
556,10
557,9
558,10
559,10
560,10
561,10
562,9
563,8
564,8
565,8
566,9
567,10
568,10
569,8
570,8
571,7
572,6
573,9
574,9
575,9
576,9
577,6
578,6
579,6
580,6
581,6
582,5
583,6
584,5
585,5
586,5
587,5
588,5
589,5
590,4
591,5
592,5
593,4
594,5
595,4
596,4
597,5
598,4
599,4
600,5
601,4
602,3
603,4
604,4
605,4
606,4
607,4
608,4
609,4
610,3
611,4
612,5
613,4
614,4
615,4
616,4
617,4
618,5
619,6
620,6
621,6
622,7
623,7
624,8
625,8
626,7
627,10
628,7
629,9
630,10
631,10
632,10
633,9
634,9
635,8
636,8
637,9
638,9
639,10
640,9
641,9
642,8
643,9
644,10
645,10
646,10
647,9
648,9
649,9
650,10
651,10
652,10
653,10
654,10
655,10
656,10
657,10
658,10
659,10
660,10
661,10
662,10
663,10
664,10
665,9
666,10
667,10
668,9
669,9
670,10
671,10
672,10
673,10
674,9
675,10
676,8
677,9
678,9
679,9
680,9
681,10
682,8
683,8
684,10
685,9
686,10
687,10
688,10
689,10
690,9
691,10
692,10
693,10
694,8
695,9
696,10
697,10
698,10
699,10
700,10
701,9
702,9
703,9
704,8
705,10
706,9
707,9
708,10
709,10
710,10
711,9
712,10
713,8
714,9
715,10
716,8
717,10
718,9
719,8
720,8
721,7
722,6
723,6
724,6
725,7
726,7
727,7
728,6
729,5
730,5
731,5
732,6
733,6
734,4
735,5
736,5
737,6
738,5
739,5
740,5
741,4
742,4
743,4
744,4
745,4
746,4
747,4
748,4
749,4
750,4
751,4
752,4
753,4
754,5
755,5
756,4
757,4
758,4
759,4
760,5
761,5
762,5
763,6
764,7
765,6
766,6
767,7
768,6
769,7
770,7
771,8
772,9
773,6
774,7
775,10
776,10
777,10
778,10
779,10
780,10
781,9
782,8
783,9
784,9
785,9
786,10
787,10
788,10
789,10
790,8
791,8
792,8
793,8
794,8
795,9
796,10
797,9
798,10
799,10
800,9
801,9
802,10
803,10
804,9
805,9
806,10
807,10
808,10
809,10
810,10
811,9
812,8
813,8
814,9
815,10
816,10
817,9
818,10
819,10
820,9
821,10
822,10
823,10
824,10
825,9
826,10
827,9
828,10
829,10
830,10
831,10
832,10
833,10
834,10
835,10
836,10
837,9
838,10
839,10
840,10
841,10
842,10
843,10
844,10
845,10
846,10
847,10
848,8
849,8
850,8
851,7
852,7
853,7
854,7
855,8
856,9
857,8
858,6
859,7
860,8
861,9
862,9
863,7
864,7
865,7
866,6
867,6
868,6
869,5
870,5
871,5
872,4
873,5
874,4
875,4
876,7
877,5
878,5
879,5
880,5
881,5
882,4
883,4
884,4
885,4
886,4
887,4
888,4
889,4
890,4
891,4
892,4
893,4
894,4
895,4
896,4
897,4
898,4
899,4
900,4
901,4
902,4
903,5
904,5
905,4
906,5
907,6
908,6
909,7
910,7
911,6
912,8
913,8
914,8
915,7
916,8
917,8
918,7
919,9
920,10
921,10
922,8
923,10
924,10
925,8
926,8
927,8
928,8
929,8
930,8
931,8
932,7
933,8
934,9
935,10
936,9
937,10
938,10
939,8
940,9
941,9
942,9
943,9
944,10
945,9
946,9
947,9
948,10
949,10
950,9
951,10
952,9
953,10
954,9
955,10
956,9
957,9
958,9
959,10
960,10
961,10
962,9
963,9
964,9
965,8
966,9
967,9
968,8
969,9
970,9
971,10
972,8
973,9
974,9
975,10
976,9
977,9
978,7
979,9
980,9
981,10
982,10
983,9
984,10
985,10
986,10
987,10
988,10
989,8
990,9
991,10
992,8
993,7
994,10
995,8
996,10
997,8
998,8
999,7
1000,7
1001,8
1002,7
1003,7
1004,9
1005,8
1006,7
1007,7
1008,8
1009,10
1010,7
1011,6
1012,7
1013,7
1014,6
1015,5
1016,5
1017,5
1018,5
1019,5
1020,5
1021,4
1022,4
1023,5
1024,4
1025,4
1026,4
1027,4
1028,4
1029,4
1030,4
1031,4
1032,4
1033,4
1034,4
1035,4
1036,4
1037,4
1038,4
1039,4
1040,4
1041,4
1042,3
1043,3
1044,4
1045,4
1046,4
1047,4
1048,4
1049,4
1050,4
1051,6
1052,6
1053,7
1054,7
1055,6
1056,6
1057,6
1058,7
1059,7
1060,7
1061,8
1062,7
1063,7
1064,7
1065,8
1066,8
1067,7
1068,8
1069,8
1070,8
1071,10
1072,7
1073,9
1074,10
1075,7
1076,8
1077,8
1078,8
1079,8
1080,8
1081,7
1082,7
1083,8
1084,8
1085,9
1086,10
1087,9
1088,10
1089,9
1090,10
1091,10
1092,10
1093,9
1094,10
1095,10
1096,10
1097,10
1098,9
1099,10
1100,8
1101,8
1102,9
1103,9
1104,10
1105,8
1106,9
1107,10
1108,10
1109,10
1110,10
1111,9
1112,10
1113,9
1114,10
1115,9
1116,9
1117,9
1118,8
1119,9
1120,7
1121,9
1122,9
1123,10
1124,8
1125,9
1126,10
1127,9
1128,8
1129,8
1130,8
1131,9
1132,7
1133,10
1134,8
1135,8
1136,8
1137,8
1138,8
1139,9
1140,8
1141,9
1142,8
1143,7
1144,7
1145,7
1146,7
1147,8
1148,7
1149,7
1150,6
1151,7
1152,7
1153,6
1154,6
1155,6
1156,6
1157,8
1158,7
1159,5
1160,5
1161,6
1162,5
1163,5
1164,6
1165,4
1166,5
1167,4
1168,4
1169,4
1170,4
1171,4
1172,5
1173,4
1174,4
1175,4
1176,4
1177,4
1178,4
1179,4
1180,4
1181,4
1182,4
1183,4
1184,4
1185,4
1186,4
1187,4
1188,4
1189,4
1190,4
1191,4
1192,4
1193,4
1194,4
1195,4
1196,4
1197,4
1198,5
1199,4
1200,5
1201,4
1202,5
1203,5
1204,5
1205,7
1206,6
1207,5
1208,6
1209,5
1210,5
1211,6
1212,7
1213,6
1214,6
1215,7
1216,7
1217,10
1218,9
1219,7
1220,7
1221,7
1222,8
1223,7
1224,7
1225,6
1226,7
1227,7
1228,8
1229,8
1230,7
1231,7
1232,6
1233,10
1234,9
1235,7
1236,8
1237,8
1238,8
1239,8
1240,7
1241,6
1242,7
1243,8
1244,8
1245,10
1246,7
1247,6
1248,8
1249,7
1250,6
1251,7
1252,7
1253,7
1254,8
1255,7
1256,6
1257,6
1258,7
1259,8
1260,8
1261,7
1262,7
1263,8
1264,10
1265,7
1266,9
1267,7
1268,7
1269,8
1270,8
1271,8
1272,9
1273,8
1274,10
1275,8
1276,8
1277,8
1278,9
1279,9
1280,8
1281,8
1282,9
1283,9
1284,8
1285,8
1286,8
1287,8
1288,7
1289,8
1290,9
1291,7
1292,7
1293,8
1294,10
1295,9
1296,7
1297,9
1298,10
1299,8
1300,7
1301,6
1302,5
1303,5
1304,5
1305,5
1306,6
1307,7
1308,6
1309,7
1310,8
1311,6
1312,5
1313,5
1314,4
1315,5
1316,4
1317,4
1318,5
1319,6
1320,4
1321,4
1322,4
1323,4
1324,4
1325,4
1326,4
1327,4
1328,3
1329,3
1330,7
1331,3
1332,3
1333,3
1334,3
1335,4
1336,4
1337,3
1338,3
1339,4
1340,3
1341,3
1342,4
1343,4
1344,4
1345,4
1346,4
1347,5
1348,9
1349,4
1350,4
1351,5
1352,4
1353,5
1354,6
1355,5
1356,5
1357,6
1358,6
1359,6
1360,7
1361,7
1362,7
1363,7
1364,6
1365,7
1366,7
1367,6
1368,7
1369,9
1370,6
1371,7
1372,8
1373,7
1374,7
1375,7
1376,8
1377,6
1378,7
1379,8
1380,8
1381,9
1382,6
1383,9
1384,7
1385,8
1386,7
1387,8
1388,6
1389,7
1390,7
1391,6
1392,6
1393,7
1394,6
1395,7
1396,6
1397,7
1398,6
1399,7
1400,6
1401,7
1402,7
1403,9
1404,6
1405,9
1406,8
1407,8
1408,6
1409,6
1410,7
1411,8
1412,7
1413,7
1414,8
1415,9
1416,9
1417,10
1418,10
1419,9
1420,9
1421,9
1422,10
1423,10
1424,10
1425,10
1426,8
1427,10
1428,10
1429,9
1430,8
1431,8
1432,10
1433,9
1434,7
1435,8
1436,8
1437,7
1438,6
1439,6
1440,7
1441,10
1442,10
1443,10
1444,10
1445,10
1446,6
1447,6
1448,6
1449,5
1450,5
1451,5
1452,5
1453,5
1454,4
1455,10
1456,10
1457,10
1458,10
1459,10
1460,4
1461,5
1462,4
1463,4
1464,5
1465,4
1466,4
1467,4
1468,4
1469,3
1470,3
1471,4
1472,3
1473,3
1474,3
1475,3
1476,3
1477,4
1478,5
1479,4
1480,4
1481,4
1482,4
1483,4
1484,5
1485,5
1486,5
1487,5
1488,6
1489,6
1490,7
1491,8
1492,7
1493,8
1494,9
1495,9
1496,10
1497,10
1498,10
1499,10
1500,10
1501,10
1502,8
1503,7
1504,9
1505,8
1506,9
1507,8
1508,9
1509,9
1510,9
1511,7
1512,9
1513,9
1514,9
1515,9
1516,10
1517,10
1518,10
1519,10
1520,9
1521,10
1522,10
1523,10
1524,10
1525,10
1526,10
1527,10
1528,10
1529,10
1530,10
1531,10
1532,10
1533,10
1534,10
1535,10
1536,10
1537,10
1538,10
1539,10
1540,10
1541,10
1542,10
1543,10
1544,9
1545,8
1546,10
1547,10
1548,10
1549,10
1550,10
1551,10
1552,10
1553,10
1554,10
1555,9
1556,9
1557,10
1558,10
1559,10
1560,9
1561,10
1562,9
1563,9
1564,8
1565,8
1566,10
1567,8
1568,9
1569,9
1570,8
1571,8
1572,8
1573,10
1574,8
1575,7
1576,6
1577,7
1578,6
1579,7
1580,7
1581,6
1582,6
1583,6
1584,7
1585,7
1586,5
1587,6
1588,5
1589,5
1590,5
1591,4
1592,7
1593,5
1594,4
1595,5
1596,5
1597,4
1598,4
1599,6
1600,5
1601,4
1602,4
1603,4
1604,4
1605,4
1606,4
1607,4
1608,4
1609,4
1610,4
1611,4
1612,4
1613,4
1614,3
1615,3
1616,4
1617,3
1618,4
1619,4
1620,4
1621,4
1622,4
1623,4
1624,4
1625,5
1626,4
1627,4
1628,5
1629,5
1630,6
1631,7
1632,7
1633,9
1634,9
1635,7
1636,7
1637,7
1638,8
1639,8
1640,10
1641,8
1642,10
1643,9
1644,10
1645,9
1646,9
1647,8
1648,9
1649,10
1650,9
1651,9
1652,9
1653,9
1654,10
1655,9
1656,9
1657,8
1658,8
1659,10
1660,8
1661,10
1662,10
1663,10
1664,10
1665,10
1666,10
1667,10
1668,10
1669,10
1670,10
1671,9
1672,10
1673,10
1674,10
1675,10
1676,10
1677,10
1678,9
1679,8
1680,9
1681,10
1682,9
1683,9
1684,10
1685,9
1686,10
1687,10
1688,9
1689,9
1690,9
1691,10
1692,9
1693,8
1694,8
1695,8
1696,9
1697,9
1698,9
1699,8
1700,10
1701,9
1702,9
1703,8
1704,8
1705,8
1706,8
1707,7
1708,8
1709,8
1710,8
1711,10
1712,8
1713,8
1714,7
1715,10
1716,9
1717,7
1718,9
1719,10
1720,8
1721,8
1722,7
1723,7
1724,7
1725,7
1726,7
1727,10
1728,10
1729,10
1730,7
1731,7
1732,5
1733,5
1734,7
1735,7
1736,6
1737,4
1738,5
1739,5
1740,4
1741,4
1742,4
1743,4
1744,4
1745,4
1746,4
1747,5
1748,5
1749,4
1750,5
1751,4
1752,3
1753,4
1754,4
1755,3
1756,4
1757,4
1758,4
1759,4
1760,4
1761,4
1762,5
1763,4
1764,4
1765,4
1766,4
1767,4
1768,5
1769,5
1770,6
1771,5
1772,5
1773,6
1774,7
1775,6
1776,6
1777,10
1778,6
1779,10
1780,10
1781,7
1782,7
1783,10
1784,9
1785,8
1786,8
1787,8
1788,9
1789,9
1790,9
1791,7
1792,8
1793,8
1794,9
1795,8
1796,8
1797,9
1798,8
1799,8
1800,8
1801,9
1802,9
1803,9
1804,10
1805,9
1806,10
1807,10
1808,10
1809,10
1810,10
1811,10
1812,9
1813,9
1814,9
1815,9
1816,10
1817,10
1818,10
1819,9
1820,9
1821,10
1822,8
1823,10
1824,10
1825,8
1826,10
1827,8
1828,9
1829,10
1830,9
1831,9
1832,9
1833,8
1834,8
1835,8
1836,10
1837,9
1838,9
1839,8
1840,9
1841,9
1842,9
1843,9
1844,10
1845,9
1846,10
1847,9
1848,10
1849,10
1850,10
1851,10
1852,10
1853,9
1854,9
1855,10
1856,9
1857,10
1858,10
1859,9
1860,9
1861,9
1862,8
1863,10
1864,9
1865,8
1866,8
1867,8
1868,8
1869,7
1870,8
1871,7
1872,6
1873,7
1874,6
1875,6
1876,5
1877,5
1878,7
1879,5
1880,5
1881,7
1882,7
1883,6
1884,6
1885,10
1886,4
1887,4
1888,5
1889,4
1890,4
1891,4
1892,4
1893,4
1894,4
1895,4
1896,4
1897,4
1898,3
1899,4
1900,4
1901,4
1902,4
1903,4
1904,4
1905,4
1906,4
1907,5
1908,4
1909,4
1910,4
1911,4
1912,4
1913,4
1914,4
1915,5
1916,5
1917,5
1918,9
1919,8
1920,6
1921,7
1922,8
1923,6
1924,7
1925,7
1926,9
1927,10
1928,7
1929,8
1930,9
1931,8
1932,8
1933,8
1934,7
1935,9
1936,9
1937,9
1938,10
1939,10
1940,9
1941,9
1942,9
1943,8
1944,8
1945,9
1946,8
1947,8
1948,10
1949,8
1950,9
1951,10
1952,9
1953,10
1954,10
1955,10
1956,9
1957,9
1958,9
1959,9
1960,10
1961,9
1962,10
1963,9
1964,8
1965,10
1966,10
1967,10
1968,10
1969,9
1970,10
1971,8
1972,9
1973,8
1974,9
1975,8
1976,9
1977,9
1978,10
1979,10
1980,9
1981,10
1982,10
1983,10
1984,10
1985,10
1986,10
1987,10
1988,9
1989,8
1990,9
1991,9
1992,10
1993,10
1994,10
1995,10
1996,10
1997,10
1998,10
1999,10
2000,10
2001,9
2002,10
2003,9
2004,8
2005,10
2006,9
2007,8
2008,8
2009,9
2010,8
2011,7
2012,9
2013,7
2014,8
2015,10
2016,7
2017,7
2018,7
2019,8
2020,7
2021,6
2022,5
2023,6
2024,6
2025,5
2026,5
2027,7
2028,6
2029,6
2030,5
2031,5
2032,5
2033,5
2034,5
2035,5
2036,4
2037,4
2038,4
2039,4
2040,4
2041,4
2042,4
2043,4
2044,4
2045,4
2046,4
2047,4
2048,4
2049,4
2050,5
2051,4
2052,4
2053,4
2054,4
2055,4
2056,5
2057,4
2058,4
2059,5
2060,5
2061,6
2062,6
2063,10
2064,7
2065,7
2066,9
2067,8
2068,9
2069,8
2070,7
2071,8
2072,7
2073,8
2074,8
2075,7
2076,8
2077,10
2078,10
2079,8
2080,7
2081,9
2082,9
2083,10
2084,9
2085,10
2086,10
2087,9
2088,9
2089,10
2090,10
2091,10
2092,10
2093,10
2094,10
2095,9
2096,8
2097,9
2098,10
2099,9
2100,10
2101,10
2102,8
2103,10
2104,10
2105,9
2106,8
2107,8
2108,8
2109,10
2110,8
2111,8
2112,8
2113,9
2114,8
2115,10
2116,10
2117,9
2118,9
2119,10
2120,9
2121,9
2122,9
2123,8
2124,9
2125,9
2126,10
2127,8
2128,9
2129,8
2130,10
2131,8
2132,8
2133,7
2134,9
2135,8
2136,9
2137,9
2138,8
2139,8
2140,10
2141,10
2142,9
2143,10
2144,10
2145,9
2146,9
2147,9
2148,9
2149,9
2150,7
2151,7
2152,6
2153,7
2154,6
2155,8
2156,8
2157,6
2158,7
2159,7
2160,6
2161,7
2162,7
2163,5
2164,6
2165,8
2166,5
2167,6
2168,5
2169,4
2170,5
2171,4
2172,4
2173,5
2174,4
2175,4
2176,4
2177,4
2178,4
2179,4
2180,4
2181,4
2182,5
2183,4
2184,4
2185,3
2186,4
2187,4
2188,3
2189,4
2190,3
2191,3
2192,3
2193,3
2194,4
2195,3
2196,3
2197,4
2198,3
2199,3
2200,4
2201,4
2202,3
2203,4
2204,3
2205,3
2206,4
2207,4
2208,5
2209,4
2210,4
2211,4
2212,4
2213,4
2214,5
2215,5
2216,5
2217,5
2218,6
2219,6
2220,6
2221,6
2222,7
2223,7
2224,9
2225,10
2226,8
2227,8
2228,8
2229,7
2230,9
2231,8
2232,7
2233,8
2234,7
2235,6
2236,8
2237,7
2238,8
2239,8
2240,6
2241,7
2242,10
2243,10
2244,10
2245,9
2246,8
2247,8
2248,8
2249,8
2250,9
2251,7
2252,7
2253,10
2254,10
2255,10
2256,8
2257,7
2258,8
2259,7
2260,8
2261,7
2262,8
2263,10
2264,6
2265,7
2266,7
2267,10
2268,8
2269,8
2270,7
2271,7
2272,7
2273,10
2274,10
2275,7
2276,8
2277,8
2278,8
2279,10
2280,8
2281,9
2282,9
2283,9
2284,9
2285,10
2286,10
2287,10
2288,10
2289,10
2290,10
2291,9
2292,9
2293,8
2294,9
2295,8
2296,10
2297,8
2298,8
2299,10
2300,10
2301,8
2302,9
2303,9
2304,7
2305,7
2306,8
2307,9
2308,8
2309,9
2310,6
2311,6
2312,6
2313,5
2314,6
2315,7
2316,6
2317,5
2318,5
2319,5
2320,6
2321,6
2322,5
2323,5
2324,5
2325,4
2326,5
2327,4
2328,4
2329,4
2330,4
2331,4
2332,4
2333,4
2334,4
2335,4
2336,3
2337,4
2338,3
2339,3
2340,3
2341,4
2342,4
2343,4
2344,3
2345,3
2346,3
2347,3
2348,4
2349,3
2350,4
2351,4
2352,4
2353,4
2354,4
2355,4
2356,4
2357,4
2358,5
2359,5
2360,5
2361,5
2362,5
2363,5
2364,4
2365,6
2366,6
2367,7
2368,7
2369,7
2370,8
2371,9
2372,6
2373,7
2374,7
2375,8
2376,10
2377,10
2378,9
2379,9
2380,10
2381,8
2382,9
2383,8
2384,7
2385,8
2386,8
2387,9
2388,10
2389,10
2390,7
2391,7
2392,8
2393,9
2394,8
2395,8
2396,9
2397,6
2398,7
2399,7
2400,8
2401,10
2402,9
2403,8
2404,9
2405,8
2406,7
2407,7
2408,8
2409,8
2410,10
2411,10
2412,9
2413,10
2414,9
2415,10
2416,10
2417,9
2418,8
2419,9
2420,7
2421,7
2422,7
2423,8
2424,8
2425,7
2426,8
2427,8
2428,8
2429,8
2430,7
2431,10
2432,9
2433,10
2434,10
2435,9
2436,8
2437,9
2438,9
2439,8
2440,7
2441,10
2442,8
2443,7
2444,6
2445,6
2446,6
2447,6
2448,7
2449,6
2450,6
2451,5
2452,5
2453,5
2454,5
2455,5
2456,5
2457,5
2458,5
2459,4
2460,4
2461,4
2462,5
2463,4
2464,4
2465,4
2466,4
2467,4
2468,4
2469,3
2470,4
2471,4
2472,3
2473,4
2474,4
2475,3
2476,4
2477,4
2478,3
2479,3
2480,3
2481,3
2482,3
2483,3
2484,3
2485,4
2486,4
2487,7
2488,5
2489,4
2490,4
2491,5
2492,10
2493,5
2494,6
2495,6
2496,6
2497,7
2498,7
2499,7
2500,8
2501,7
2502,9
2503,8
2504,8
2505,8
2506,10
2507,9
2508,9
2509,8
2510,10
2511,9
2512,9
2513,9
2514,8
2515,9
2516,9
2517,9
2518,9
2519,10
2520,9
2521,10
2522,10
2523,10
2524,9
2525,10
2526,10
2527,10
2528,10
2529,10
2530,10
2531,10
2532,10
2533,10
2534,10
2535,10
2536,10
2537,10
2538,10
2539,10
2540,10
2541,10
2542,10
2543,10
2544,10
2545,10
2546,10
2547,9
2548,10
2549,10
2550,10
2551,9
2552,9
2553,10
2554,10
2555,10
2556,10
2557,10
2558,10
2559,10
2560,10
2561,10
2562,10
2563,9
2564,9
2565,10
2566,9
2567,10
2568,10
2569,9
2570,10
2571,9
2572,10
2573,10
2574,10
2575,10
2576,10
2577,10
2578,9
2579,10
2580,9
2581,9
2582,8
2583,9
2584,9
2585,9
2586,8
2587,7
2588,8
2589,9
2590,9
2591,9
2592,7
2593,7
2594,6
2595,7
2596,6
2597,6
2598,6
2599,6
2600,6
2601,6
2602,6
2603,6
2604,5
2605,5
2606,5
2607,4
2608,5
2609,4
2610,5
2611,5
2612,4
2613,4
2614,4
2615,4
2616,4
2617,4
2618,4
2619,4
2620,5
2621,4
2622,4
2623,4
2624,4
2625,5
2626,4
2627,4
2628,4
2629,4
2630,4
2631,5
2632,4
2633,4
2634,4
2635,6
2636,5
2637,5
2638,5
2639,6
2640,6
2641,6
2642,7
2643,7
2644,8
2645,9
2646,8
2647,9
2648,8
2649,9
2650,9
2651,9
2652,9
2653,10
2654,10
2655,10
2656,9
2657,9
2658,10
2659,10
2660,10
2661,10
2662,10
2663,10
2664,10
2665,10
2666,10
2667,10
2668,10
2669,10
2670,10
2671,10
2672,10
2673,10
2674,10
2675,10
2676,10
2677,10
2678,10
2679,10
2680,10
2681,10
2682,10
2683,10
2684,10
2685,10
2686,9
2687,10
2688,10
2689,10
2690,10
2691,10
2692,10
2693,10
2694,10
2695,10
2696,9
2697,9
2698,9
2699,10
2700,10
2701,10
2702,10
2703,10
2704,10
2705,10
2706,9
2707,9
2708,10
2709,10
2710,10
2711,10
2712,10
2713,10
2714,10
2715,10
2716,10
2717,10
2718,10
2719,10
2720,10
2721,8
2722,9
2723,8
2724,8
2725,9
2726,9
2727,10
2728,10
2729,10
2730,8
2731,8
2732,8
2733,7
2734,7
2735,7
2736,8
2737,7
2738,6
2739,6
2740,8
2741,8
2742,6
2743,6
2744,5
2745,6
2746,6
2747,6
2748,5
2749,6
2750,6
2751,5
2752,4
2753,6
2754,6
2755,5
2756,5
2757,4
2758,5
2759,5
2760,5
2761,4
2762,5
2763,4
2764,4
2765,5
2766,4
2767,4
2768,5
2769,4
2770,4
2771,4
2772,4
2773,4
2774,4
2775,4
2776,5
2777,5
2778,5
2779,5
2780,6
2781,7
2782,7
2783,6
2784,7
2785,7
2786,8
2787,7
2788,8
2789,8
2790,7
2791,8
2792,8
2793,8
2794,10
2795,9
2796,10
2797,9
2798,8
2799,8
2800,9
2801,9
2802,10
2803,10
2804,9
2805,9
2806,8
2807,9
2808,10
2809,10
2810,10
2811,10
2812,10
2813,10
2814,10
2815,10
2816,10
2817,10
2818,10
2819,10
2820,10
2821,10
2822,10
2823,10
2824,10
2825,10
2826,10
2827,10
2828,9
2829,9
2830,9
2831,9
2832,10
2833,10
2834,10
2835,10
2836,10
2837,10
2838,10
2839,10
2840,10
2841,10
2842,10
2843,10
2844,10
2845,10
2846,10
2847,10
2848,10
2849,10
2850,10
2851,10
2852,10
2853,10
2854,10
2855,10
2856,9
2857,10
2858,10
2859,10
2860,10
2861,10
2862,10
2863,10
2864,10
2865,10
2866,10
2867,10
2868,10
2869,9
2870,10
2871,8
2872,10
2873,7
2874,7
2875,8
2876,8
2877,7
2878,8
2879,8
2880,8
2881,7
2882,7
2883,6
2884,8
2885,7
2886,7
2887,7
2888,7
2889,5
2890,5
2891,6
2892,6
2893,5
2894,5
2895,5
2896,5
2897,5
2898,5
2899,5
2900,5
2901,5
2902,5
2903,4
2904,4
2905,4
2906,4
2907,4
2908,4
2909,4
2910,4
2911,4
2912,4
2913,4
2914,4
2915,4
2916,4
2917,4
2918,4
2919,4
2920,5
2921,4
2922,4
2923,6
2924,5
2925,7
2926,8
2927,7
2928,7
2929,7
2930,8
2931,8
2932,9
2933,10
2934,10
2935,8
2936,10
2937,9
2938,10
2939,10
2940,10
2941,9
2942,10
2943,9
2944,9
2945,10
2946,10
2947,10
2948,10
2949,10
2950,10
2951,10
2952,10
2953,10
2954,10
2955,10
2956,10
2957,10
2958,10
2959,10
2960,10
2961,10
2962,10
2963,10
2964,10
2965,10
2966,10
2967,10
2968,10
2969,8
2970,8
2971,9
2972,9
2973,10
2974,9
2975,10
2976,10
2977,10
2978,8
2979,10
2980,10
2981,10
2982,10
2983,10
2984,10
2985,10
2986,10
2987,10
2988,10
2989,8
2990,10
2991,8
2992,10
2993,10
2994,10
2995,10
2996,10
2997,10
2998,10
2999,10
3000,10
3001,10
3002,10
3003,9
3004,10
3005,10
3006,10
3007,10
3008,9
3009,9
3010,9
3011,9
3012,10
3013,8
3014,9
3015,9
3016,7
3017,8
3018,9
3019,8
3020,9
3021,9
3022,9
3023,9
3024,9
3025,10
3026,10
3027,7
3028,6
3029,7
3030,6
3031,6
3032,6
3033,6
3034,5
3035,6
3036,6
3037,4
3038,5
3039,6
3040,5
3041,6
3042,5
3043,5
3044,5
3045,6
3046,5
3047,5
3048,5
3049,6
3050,5
3051,5
3052,5
3053,5
3054,5
3055,4
3056,5
3057,5
3058,5
3059,5
3060,5
3061,4
3062,5
3063,5
3064,5
3065,5
3066,5
3067,5
3068,6
3069,7
3070,8
3071,8
3072,8
3073,9
3074,9
3075,8
3076,8
3077,8
3078,8
3079,9
3080,10
3081,8
3082,10
3083,10
3084,9
3085,9
3086,9
3087,9
3088,10
3089,9
3090,9
3091,10
3092,8
3093,9
3094,9
3095,10
3096,8
3097,9
3098,8
3099,9
3100,8
3101,9
3102,9
3103,10
3104,10
3105,9
3106,9
3107,9
3108,10
3109,9
3110,9
3111,9
3112,8
3113,8
3114,9
3115,7
3116,9
3117,9
3118,9
3119,9
3120,10
3121,10
3122,10
3123,10
3124,10
3125,10
3126,10
3127,10
3128,8
3129,9
3130,8
3131,9
3132,9
3133,10
3134,9
3135,10
3136,10
3137,10
3138,10
3139,9
3140,8
3141,8
3142,9
3143,9
3144,9
3145,10
3146,10
3147,8
3148,10
3149,10
3150,10
3151,9
3152,10
3153,10
3154,8
3155,8
3156,10
3157,8
3158,10
3159,8
3160,9
3161,7
3162,9
3163,7
3164,8
3165,8
3166,7
3167,6
3168,6
3169,5
3170,5
3171,7
3172,5
3173,5
3174,5
3175,6
3176,7
3177,5
3178,5
3179,4
3180,5
3181,5
3182,6
3183,4
3184,6
3185,5
3186,4
3187,5
3188,4
3189,4
3190,4
3191,4
3192,4
3193,4
3194,4
3195,4
3196,4
3197,3
3198,4
3199,4
3200,3
3201,3
3202,4
3203,4
3204,4
3205,4
3206,4
3207,3
3208,4
3209,4
3210,4
3211,4
3212,5
3213,4
3214,5
3215,4
3216,4
3217,5
3218,4
3219,5
3220,5
3221,5
3222,5
3223,6
3224,6
3225,6
3226,7
3227,10
3228,6
3229,6
3230,6
3231,6
3232,6
3233,6
3234,6
3235,7
3236,6
3237,8
3238,7
3239,7
3240,10
3241,9
3242,10
3243,7
3244,6
3245,7
3246,7
3247,8
3248,7
3249,7
3250,7
3251,6
3252,9
3253,8
3254,7
3255,7
3256,7
3257,7
3258,6
3259,7
3260,6
3261,7
3262,6
3263,7
3264,7
3265,6
3266,6
3267,6
3268,6
3269,8
3270,7
3271,7
3272,7
3273,9
3274,7
3275,7
3276,7
3277,7
3278,7
3279,8
3280,8
3281,10
3282,9
3283,10
3284,10
3285,10
3286,10
3287,7
3288,7
3289,7
3290,7
3291,6
3292,7
3293,8
3294,9
3295,7
3296,8
3297,8
3298,7
3299,10
3300,8
3301,7
3302,10
3303,7
3304,8
3305,9
3306,9
3307,8
3308,8
3309,9
3310,8
3311,7
3312,7
3313,6
3314,6
3315,6
3316,6
3317,7
3318,6
3319,6
3320,6
3321,4
3322,7
3323,5
3324,4
3325,5
3326,5
3327,4
3328,5
3329,5
3330,4
3331,5
3332,5
3333,4
3334,5
3335,4
3336,3
3337,4
3338,5
3339,3
3340,5
3341,4
3342,4
3343,4
3344,4
3345,4
3346,4
3347,4
3348,4
3349,4
3350,4
3351,4
3352,4
3353,4
3354,4
3355,4
3356,5
3357,4
3358,4
3359,4
3360,4
3361,5
3362,5
3363,5
3364,5
3365,5
3366,4
3367,5
3368,5
3369,5
3370,5
3371,5
3372,5
3373,6
3374,6
3375,7
3376,7
3377,6
3378,7
3379,7
3380,7
3381,8
3382,9
3383,9
3384,9
3385,8
3386,9
3387,8
3388,8
3389,7
3390,7
3391,8
3392,8
3393,9
3394,10
3395,9
3396,8
3397,7
3398,10
3399,9
3400,10
3401,9
3402,8
3403,9
3404,10
3405,9
3406,9
3407,10
3408,9
3409,8
3410,8
3411,8
3412,8
3413,10
3414,8
3415,8
3416,10
3417,8
3418,9
3419,8
3420,8
3421,8
3422,8
3423,7
3424,7
3425,8
3426,7
3427,8
3428,8
3429,8
3430,9
3431,8
3432,9
3433,10
3434,9
3435,8
3436,10
3437,8
3438,8
3439,9
3440,9
3441,8
3442,7
3443,8
3444,8
3445,10
3446,10
3447,9
3448,10
3449,10
3450,10
3451,8
3452,7
3453,7
3454,8
3455,8
3456,9
3457,7
3458,8
3459,6
3460,7
3461,7
3462,5
3463,5
3464,5
3465,6
3466,5
3467,5
3468,5
3469,5
3470,5
3471,4
3472,4
3473,5
3474,4
3475,4
3476,4
3477,4
3478,4
3479,4
3480,4
3481,4
3482,7
3483,4
3484,5
3485,4
3486,4
3487,4
3488,4
3489,3
3490,4
3491,4
3492,4
3493,4
3494,4
3495,3
3496,4
3497,4
3498,4
3499,5
3500,5
3501,5
3502,6
3503,6
3504,6
3505,7
3506,7
3507,7
3508,7
3509,7
3510,7
3511,8
3512,7
3513,8
3514,9
3515,8
3516,8
3517,8
3518,9
3519,9
3520,10
3521,8
3522,8
3523,9
3524,10
3525,9
3526,8
3527,9
3528,9
3529,9
3530,10
3531,10
3532,10
3533,10
3534,10
3535,10
3536,10
3537,10
3538,10
3539,10
3540,10
3541,10
3542,10
3543,10
3544,10
3545,10
3546,9
3547,9
3548,10
3549,10
3550,10
3551,10
3552,10
3553,10
3554,10
3555,9
3556,9
3557,10
3558,10
3559,9
3560,10
3561,10
3562,10
3563,10
3564,9
3565,10
3566,9
3567,10
3568,10
3569,10
3570,10
3571,10
3572,10
3573,10
3574,10
3575,10
3576,10
3577,10
3578,10
3579,10
3580,10
3581,10
3582,10
3583,9
3584,8
3585,10
3586,10
3587,8
3588,9
3589,10
3590,10
3591,7
3592,7
3593,8
3594,9
3595,9
3596,7
3597,7
3598,6
3599,6
3600,6
3601,6
3602,8
3603,6
3604,7
3605,5
3606,5
3607,5
3608,5
3609,5
3610,5
3611,7
3612,5
3613,4
3614,4
3615,5
3616,4
3617,4
3618,4
3619,4
3620,4
3621,4
3622,4
3623,4
3624,4
3625,4
3626,3
3627,4
3628,4
3629,3
3630,4
3631,4
3632,3
3633,3
3634,4
3635,3
3636,4
3637,4
3638,4
3639,4
3640,5
3641,4
3642,4
3643,4
3644,6
3645,6
3646,6
3647,6
3648,6
3649,6
3650,7
3651,6
3652,7
3653,7
3654,7
3655,7
3656,9
3657,8
3658,9
3659,8
3660,9
3661,9
3662,10
3663,10
3664,10
3665,9
3666,9
3667,10
3668,10
3669,10
3670,9
3671,8
3672,10
3673,9
3674,10
3675,10
3676,9
3677,10
3678,10
3679,10
3680,10
3681,10
3682,10
3683,10
3684,10
3685,10
3686,9
3687,10
3688,9
3689,10
3690,10
3691,10
3692,10
3693,9
3694,10
3695,8
3696,9
3697,8
3698,10
3699,9
3700,9
3701,9
3702,10
3703,9
3704,10
3705,9
3706,9
3707,9
3708,10
3709,10
3710,10
3711,10
3712,10
3713,10
3714,10
3715,10
3716,10
3717,9
3718,10
3719,10
3720,10
3721,9
3722,10
3723,9
3724,9
3725,8
3726,7
3727,8
3728,8
3729,7
3730,7
3731,8
3732,7
3733,7
3734,9
3735,10
3736,9
3737,9
3738,6
3739,8
3740,6
3741,7
3742,7
3743,7
3744,8
3745,5
3746,6
3747,6
3748,6
3749,5
3750,5
3751,10
3752,4
3753,5
3754,5
3755,4
3756,4
3757,5
3758,4
3759,4
3760,4
3761,4
3762,3
3763,4
3764,4
3765,4
3766,4
3767,4
3768,3
3769,4
3770,3
3771,4
3772,4
3773,3
3774,4
3775,4
3776,3
3777,3
3778,3
3779,4
3780,4
3781,4
3782,4
3783,4
3784,4
3785,4
3786,4
3787,4
3788,4
3789,6
3790,6
3791,6
3792,8
3793,7
3794,7
3795,8
3796,7
3797,8
3798,7
3799,8
3800,8
3801,10
3802,8
3803,8
3804,8
3805,10
3806,9
3807,9
3808,10
3809,9
3810,9
3811,9
3812,9
3813,9
3814,10
3815,10
3816,10
3817,10
3818,9
3819,10
3820,10
3821,10
3822,10
3823,10
3824,10
3825,9
3826,10
3827,10
3828,10
3829,10
3830,10
3831,9
3832,10
3833,10
3834,9
3835,10
3836,9
3837,9
3838,10
3839,9
3840,7
3841,10
3842,10
3843,10
3844,10
3845,9
3846,9
3847,9
3848,9
3849,10
3850,10
3851,9
3852,9
3853,9
3854,8
3855,8
3856,9
3857,10
3858,9
3859,10
3860,10
3861,10
3862,9
3863,10
3864,10
3865,10
3866,10
3867,10
3868,10
3869,10
3870,9
3871,9
3872,9
3873,8
3874,10
3875,9
3876,9
3877,10
3878,8
3879,9
3880,9
3881,9
3882,10
3883,7
3884,8
3885,7
3886,7
3887,6
3888,7
3889,7
3890,7
3891,5
3892,5
3893,5
3894,5
3895,5
3896,5
3897,5
3898,5
3899,5
3900,5
3901,4
3902,4
3903,5
3904,4
3905,5
3906,5
3907,4
3908,5
3909,4
3910,4
3911,4
3912,4
3913,4
3914,6
3915,4
3916,4
3917,4
3918,4
3919,4
3920,4
3921,4
3922,4
3923,4
3924,4
3925,4
3926,4
3927,4
3928,4
3929,4
3930,4
3931,4
3932,5
3933,6
3934,5
3935,6
3936,6
3937,7
3938,6
3939,6
3940,6
3941,7
3942,8
3943,8
3944,7
3945,10
3946,8
3947,8
3948,9
3949,9
3950,8
3951,9
3952,9
3953,10
3954,10
3955,10
3956,10
3957,9
3958,10
3959,9
3960,9
3961,10
3962,10
3963,9
3964,10
3965,10
3966,9
3967,10
3968,10
3969,10
3970,10
3971,10
3972,10
3973,10
3974,10
3975,10
3976,10
3977,9
3978,8
3979,9
3980,9
3981,10
3982,7
3983,9
3984,8
3985,8
3986,9
3987,9
3988,9
3989,9
3990,9
3991,9
3992,9
3993,8
3994,10
3995,10
3996,10
3997,10
3998,10
3999,10
4000,9
4001,10
4002,8
4003,10
4004,10
4005,8
4006,10
4007,10
4008,10
4009,10
4010,10
4011,9
4012,9
4013,8
4014,9
4015,8
4016,8
4017,10
4018,8
4019,8
4020,7
4021,8
4022,8
4023,8
4024,7
4025,7
4026,8
4027,7
4028,7
4029,7
4030,8
4031,7
4032,7
4033,6
4034,8
4035,6
4036,6
4037,6
4038,6
4039,6
4040,6
4041,4
4042,5
4043,5
4044,4
4045,5
4046,4
4047,4
4048,4
4049,4
4050,4
4051,5
4052,4
4053,4
4054,4
4055,4
4056,5
4057,4
4058,4
4059,4
4060,4
4061,4
4062,4
4063,4
4064,4
4065,4
4066,4
4067,4
4068,3
4069,4
4070,4
4071,4
4072,4
4073,4
4074,5
4075,4
4076,5
4077,9
4078,5
4079,6
4080,5
4081,6
4082,8
4083,6
4084,8
4085,8
4086,7
4087,7
4088,10
4089,10
4090,10
4091,8
4092,7
4093,8
4094,9
4095,7
4096,8
4097,9
4098,8
4099,9
4100,10
4101,8
4102,9
4103,10
4104,9
4105,9
4106,10
4107,10
4108,9
4109,8
4110,10
4111,10
4112,9
4113,9
4114,9
4115,10
4116,10
4117,10
4118,10
4119,10
4120,10
4121,10
4122,10
4123,10
4124,10
4125,10
4126,10
4127,10
4128,10
4129,10
4130,10
4131,10
4132,10
4133,10
4134,9
4135,8
4136,10
4137,10
4138,9
4139,10
4140,10
4141,9
4142,9
4143,10
4144,9
4145,9
4146,8
4147,9
4148,10
4149,9
4150,10
4151,10
4152,10
4153,9
4154,10
4155,10
4156,10
4157,9
4158,10
4159,7
4160,9
4161,9
4162,8
4163,9
4164,7
4165,7
4166,8
4167,7
4168,7
4169,7
4170,7
4171,7
4172,8
4173,6
4174,6
4175,6
4176,6
4177,5
4178,6
4179,6
4180,6
4181,7
4182,6
4183,6
4184,7
4185,6
4186,5
4187,6
4188,10
4189,8
4190,6
4191,10
4192,10
4193,4
4194,5
4195,4
4196,4
4197,4
4198,4
4199,4
4200,4
4201,4
4202,4
4203,4
4204,4
4205,5
4206,5
4207,5
4208,5
4209,4
4210,4
4211,4
4212,4
4213,3
4214,4
4215,4
4216,4
4217,4
4218,4
4219,4
4220,4
4221,4
4222,4
4223,5
4224,5
4225,5
4226,5
4227,5
4228,7
4229,5
4230,9
4231,6
4232,8
4233,8
4234,10
4235,8
4236,8
4237,7
4238,7
4239,7
4240,10
4241,6
4242,7
4243,6
4244,7
4245,7
4246,6
4247,7
4248,7
4249,8
4250,8
4251,7
4252,6
4253,7
4254,7
4255,7
4256,9
4257,7
4258,6
4259,7
4260,7
4261,6
4262,7
4263,7
4264,6
4265,7
4266,7
4267,7
4268,7
4269,7
4270,6
4271,6
4272,6
4273,6
4274,7
4275,7
4276,7
4277,8
4278,7
4279,7
4280,7
4281,7
4282,6
4283,7
4284,7
4285,7
4286,7
4287,7
4288,6
4289,6
4290,7
4291,6
4292,7
4293,7
4294,7
4295,7
4296,7
4297,7
4298,7
4299,6
4300,7
4301,8
4302,8
4303,8
4304,8
4305,8
4306,8
4307,8
4308,7
4309,7
4310,8
4311,7
4312,7
4313,8
4314,10
4315,8
4316,9
4317,8
4318,8
4319,10
4320,8
4321,8
4322,7
4323,8
4324,8
4325,10
4326,7
4327,7
4328,7
4329,7
4330,6
4331,7
4332,6
4333,5
4334,6
4335,6
4336,5
4337,5
4338,4
4339,4
4340,5
4341,4
4342,4
4343,4
4344,4
4345,3
4346,4
4347,3
4348,3
4349,3
4350,3
4351,3
4352,4
4353,3
4354,3
4355,3
4356,3
4357,3
4358,3
4359,3
4360,3
4361,3
4362,3
4363,3
4364,4
4365,3
4366,3
4367,4
4368,4
4369,4
4370,4
4371,4
4372,4
4373,5
4374,5
4375,5
4376,5
4377,5
4378,5
4379,6
4380,5
4381,5
4382,6
4383,6
4384,7
4385,7
4386,6
4387,6
4388,7
4389,7
4390,6
4391,10
4392,9
4393,10
4394,9
4395,8
4396,7
4397,8
4398,6
4399,6
4400,7
4401,6
4402,5
4403,8
4404,6
4405,6
4406,6
4407,6
4408,7
4409,8
4410,8
4411,8
4412,9
4413,7
4414,6
4415,9
4416,8
4417,7
4418,8
4419,6
4420,6
4421,7
4422,6
4423,6
4424,6
4425,7
4426,7
4427,8
4428,7
4429,6
4430,6
4431,6
4432,6
4433,7
4434,8
4435,7
4436,7
4437,6
4438,10
4439,9
4440,7
4441,7
4442,9
4443,8
4444,6
4445,7
4446,8
4447,7
4448,7
4449,7
4450,7
4451,8
4452,9
4453,8
4454,8
4455,7
4456,7
4457,8
4458,9
4459,6
4460,7
4461,7
4462,6
4463,7
4464,7
4465,5
4466,6
4467,5
4468,5
4469,5
4470,5
4471,5
4472,5
4473,5
4474,5
4475,6
4476,5
4477,4
4478,5
4479,5
4480,5
4481,6
4482,5
4483,4
4484,5
4485,4
4486,4
4487,5
4488,4
4489,4
4490,4
4491,4
4492,4
4493,4
4494,4
4495,4
4496,4
4497,4
4498,4
4499,4
4500,4
4501,4
4502,4
4503,4
4504,4
4505,4
4506,4
4507,5
4508,6
4509,5
4510,6
4511,6
4512,6
4513,6
4514,9
4515,10
4516,7
4517,6
4518,6
4519,7
4520,7
4521,7
4522,10
4523,8
4524,7
4525,8
4526,9
4527,7
4528,8
4529,8
4530,7
4531,8
4532,9
4533,10
4534,8
4535,9
4536,9
4537,8
4538,10
4539,10
4540,9
4541,8
4542,9
4543,10
4544,9
4545,8
4546,9
4547,10
4548,9
4549,10
4550,10
4551,10
4552,10
4553,10
4554,10
4555,10
4556,10
4557,9
4558,10
4559,10
4560,10
4561,9
4562,9
4563,10
4564,10
4565,10
4566,10
4567,9
4568,9
4569,10
4570,10
4571,10
4572,10
4573,8
4574,9
4575,8
4576,8
4577,10
4578,10
4579,10
4580,9
4581,9
4582,9
4583,9
4584,9
4585,10
4586,8
4587,9
4588,10
4589,8
4590,8
4591,10
4592,10
4593,9
4594,9
4595,9
4596,9
4597,10
4598,10
4599,9
4600,9
4601,8
4602,7
4603,6
4604,6
4605,7
4606,7
4607,6
4608,6
4609,6
4610,5
4611,6
4612,5
4613,6
4614,5
4615,5
4616,10
4617,4
4618,6
4619,6
4620,5
4621,5
4622,6
4623,5
4624,4
4625,5
4626,5
4627,5
4628,5
4629,5
4630,5
4631,5
4632,5
4633,5
4634,4
4635,4
4636,4
4637,4
4638,4
4639,5
4640,4
4641,4
4642,4
4643,4
4644,4
4645,4
4646,5
4647,4
4648,5
4649,5
4650,5
4651,5
4652,5
4653,6
4654,6
4655,6
4656,6
4657,6
4658,7
4659,8
4660,7
4661,8
4662,8
4663,8
4664,8
4665,9
4666,8
4667,10
4668,10
4669,9
4670,9
4671,8
4672,9
4673,10
4674,9
4675,10
4676,9
4677,9
4678,8
4679,10
4680,9
4681,9
4682,10
4683,10
4684,8
4685,10
4686,10
4687,10
4688,9
4689,10
4690,8
4691,9
4692,10
4693,9
4694,8
4695,9
4696,8
4697,9
4698,10
4699,9
4700,9
4701,9
4702,8
4703,10
4704,10
4705,9
4706,9
4707,10
4708,10
4709,10
4710,10
4711,9
4712,10
4713,9
4714,8
4715,10
4716,9
4717,9
4718,9
4719,10
4720,9
4721,10
4722,10
4723,8
4724,10
4725,10
4726,10
4727,10
4728,8
4729,10
4730,10
4731,9
4732,10
4733,10
4734,10
4735,9
4736,9
4737,9
4738,9
4739,10
4740,10
4741,8
4742,9
4743,8
4744,9
4745,7
4746,6
4747,7
4748,9
4749,7
4750,7
4751,6
4752,9
4753,6
4754,7
4755,6
4756,7
4757,10
4758,9
4759,5
4760,5
4761,5
4762,5
4763,7
4764,5
4765,4
4766,10
4767,4
4768,3
4769,4
4770,4
4771,4
4772,4
4773,4
4774,3
4775,4
4776,4
4777,3
4778,4
4779,4
4780,4
4781,4
4782,4
4783,4
4784,4
4785,4
4786,4
4787,4
4788,4
4789,4
4790,4
4791,4
4792,5
4793,5
4794,4
4795,4
4796,5
4797,5
4798,6
4799,5
4800,5
4801,6
4802,7
4803,8
4804,9
4805,8
4806,7
4807,7
4808,9
4809,7
4810,8
4811,8
4812,9
4813,8
4814,10
4815,7
4816,9
4817,9
4818,9
4819,8
4820,9
4821,9
4822,9
4823,9
4824,10
4825,10
4826,9
4827,10
4828,9
4829,9
4830,9
4831,9
4832,10
4833,10
4834,10
4835,10
4836,9
4837,10
4838,10
4839,10
4840,10
4841,9
4842,9
4843,8
4844,9
4845,9
4846,8
4847,9
4848,9
4849,9
4850,9
4851,8
4852,8
4853,9
4854,10
4855,9
4856,10
4857,10
4858,10
4859,9
4860,10
4861,9
4862,10
4863,10
4864,10
4865,10
4866,10
4867,10
4868,10
4869,10
4870,10
4871,10
4872,10
4873,10
4874,10
4875,9
4876,8
4877,10
4878,9
4879,9
4880,10
4881,8
4882,8
4883,8
4884,9
4885,9
4886,9
4887,8
4888,7
4889,9
4890,9
4891,8
4892,8
4893,7
4894,7
4895,7
4896,6
4897,6
4898,6
4899,5
4900,6
4901,5
4902,5
4903,5
4904,5
4905,5
4906,5
4907,5
4908,5
4909,5
4910,4
4911,4
4912,4
4913,4
4914,4
4915,4
4916,5
4917,5
4918,5
4919,4
4920,5
4921,4
4922,4
4923,4
4924,4
4925,4
4926,4
4927,4
4928,4
4929,4
4930,4
4931,3
4932,4
4933,4
4934,4
4935,4
4936,4
4937,4
4938,5
4939,4
4940,5
4941,6
4942,5
4943,5
4944,5
4945,5
4946,6
4947,8
4948,7
4949,7
4950,7
4951,7
4952,7
4953,8
4954,7
4955,8
4956,9
4957,8
4958,8
4959,8
4960,10
4961,8
4962,8
4963,7
4964,8
4965,8
4966,9
4967,8
4968,8
4969,9
4970,8
4971,8
4972,9
4973,8
4974,7
4975,9
4976,8
4977,10
4978,9
4979,10
4980,10
4981,9
4982,10
4983,10
4984,10
4985,10
4986,10
4987,10
4988,9
4989,10
4990,10
4991,9
4992,10
4993,10
4994,10
4995,10
4996,9
4997,8
4998,9
4999,10
5000,9
5001,9
5002,9
5003,8
5004,8
5005,8
5006,8
5007,8
5008,9
5009,9
5010,8
5011,10
5012,10
5013,10
5014,10
5015,10
5016,10
5017,10
5018,10
5019,10
5020,9
5021,9
5022,9
5023,9
5024,9
5025,9
5026,9
5027,9
5028,10
5029,10
5030,10
5031,9
5032,9
5033,8
5034,9
5035,8
5036,7
5037,7
5038,8
5039,6
5040,6
5041,8
5042,9
5043,5
5044,7
5045,7
5046,6
5047,7
5048,5
5049,5
5050,5
5051,5
5052,5
5053,5
5054,5
5055,5
5056,5
5057,5
5058,5
5059,5
5060,5
5061,5
5062,5
5063,5
5064,4
5065,4
5066,4
5067,4
5068,5
5069,5
5070,5
5071,5
5072,5
5073,4
5074,4
5075,4
5076,4
5077,4
5078,4
5079,7
5080,5
5081,4
5082,5
5083,6
5084,5
5085,7
5086,8
5087,6
5088,7
5089,6
5090,8
5091,7
5092,7
5093,8
5094,8
5095,9
5096,8
5097,7
5098,8
5099,7
5100,8
5101,9
5102,7
5103,8
5104,9
5105,9
5106,9
5107,9
5108,9
5109,9
5110,8
5111,8
5112,9
5113,9
5114,9
5115,10
5116,10
5117,9
5118,9
5119,10
5120,10
5121,9
5122,10
5123,10
5124,10
5125,10
5126,10
5127,10
5128,10
5129,9
5130,10
5131,10
5132,8
5133,9
5134,10
5135,9
5136,9
5137,10
5138,8
5139,9
5140,9
5141,8
5142,10
5143,10
5144,9
5145,10
5146,10
5147,10
5148,10
5149,10
5150,10
5151,9
5152,9
5153,10
5154,10
5155,10
5156,9
5157,10
5158,10
5159,8
5160,10
5161,9
5162,7
5163,8
5164,8
5165,8
5166,10
5167,8
5168,10
5169,9
5170,8
5171,9
5172,10
5173,9
5174,9
5175,9
5176,7
5177,9
5178,8
5179,8
5180,9
5181,7
5182,6
5183,7
5184,8
5185,6
5186,6
5187,6
5188,7
5189,6
5190,7
5191,6
5192,5
5193,6
5194,6
5195,5
5196,5
5197,5
5198,5
5199,5
5200,4
5201,4
5202,4
5203,4
5204,4
5205,5
5206,4
5207,5
5208,5
5209,4
5210,4
5211,4
5212,4
5213,4
5214,4
5215,4
5216,4
5217,4
5218,3
5219,4
5220,4
5221,3
5222,4
5223,4
5224,4
5225,4
5226,4
5227,4
5228,4
5229,4
5230,4
5231,5
5232,4
5233,4
5234,4
5235,4
5236,5
5237,6
5238,5
5239,5
5240,5
5241,5
5242,7
5243,9
5244,7
5245,6
5246,7
5247,8
5248,6
5249,7
5250,6
5251,7
5252,7
5253,7
5254,8
5255,8
5256,7
5257,7
5258,7
5259,8
5260,8
5261,8
5262,8
5263,10
5264,6
5265,7
5266,7
5267,7
5268,7
5269,8
5270,7
5271,7
5272,7
5273,5
5274,7
5275,7
5276,7
5277,7
5278,7
5279,8
5280,6
5281,6
5282,7
5283,7
5284,7
5285,7
5286,10
5287,8
5288,7
5289,7
5290,8
5291,7
5292,9
5293,8
5294,6
5295,6
5296,6
5297,7
5298,8
5299,8
5300,8
5301,7
5302,7
5303,7
5304,9
5305,8
5306,9
5307,8
5308,10
5309,10
5310,8
5311,9
5312,9
5313,10
5314,10
5315,10
5316,10
5317,9
5318,9
5319,10
5320,10
5321,10
5322,8
5323,9
5324,8
5325,9
5326,8
5327,8
5328,10
5329,7
5330,8
5331,8
5332,7
5333,6
5334,6
5335,7
5336,7
5337,6
5338,6
5339,6
5340,5
5341,6
5342,5
5343,4
5344,5
5345,5
5346,5
5347,6
5348,5
5349,4
5350,5
5351,5
5352,5
5353,5
5354,5
5355,5
5356,5
5357,5
5358,4
5359,4
5360,4
5361,4
5362,4
5363,4
5364,3
5365,4
5366,3
5367,4
5368,4
5369,4
5370,3
5371,3
5372,4
5373,4
5374,4
5375,4
5376,4
5377,4
5378,4
5379,4
5380,4
5381,4
5382,4
5383,6
5384,5
5385,5
5386,5
5387,5
5388,6
5389,5
5390,5
5391,7
5392,9
5393,8
5394,10
5395,7
5396,6
5397,7
5398,7
5399,7
5400,6
5401,5
5402,6
5403,7
5404,6
5405,10
5406,6
5407,6
5408,6
5409,5
5410,5
5411,6
5412,7
5413,6
5414,5
5415,6
5416,6
5417,5
5418,5
5419,7
5420,6
5421,6
5422,6
5423,5
5424,5
5425,6
5426,5
5427,5
5428,6
5429,5
5430,5
5431,6
5432,6
5433,5
5434,6
5435,5
5436,6
5437,6
5438,6
5439,7
5440,7
5441,7
5442,7
5443,7
5444,7
5445,8
5446,8
5447,7
5448,7
5449,8
5450,8
5451,10
5452,9
5453,10
5454,9
5455,8
5456,9
5457,8
5458,9
5459,8
5460,7
5461,8
5462,8
5463,8
5464,8
5465,9
5466,7
5467,7
5468,8
5469,8
5470,8
5471,6
5472,6
5473,6
5474,6
5475,6
5476,6
5477,6
5478,6
5479,6
5480,5
5481,6
5482,6
5483,5
5484,6
5485,5
5486,5
5487,5
5488,5
5489,4
5490,4
5491,4
5492,4
5493,4
5494,4
5495,4
5496,4
5497,4
5498,4
5499,4
5500,4
5501,3
5502,3
5503,4
5504,3
5505,4
5506,4
5507,4
5508,4
5509,4
5510,3
5511,3
5512,4
5513,4
5514,4
5515,4
5516,4
5517,5
5518,7
5519,5
5520,5
5521,6
5522,7
5523,6
5524,7
5525,8
5526,8
5527,8
5528,8
5529,8
5530,8
5531,8
5532,8
5533,8
5534,7
5535,7
5536,8
5537,9
5538,7
5539,10
5540,9
5541,10
5542,9
5543,9
5544,10
5545,9
5546,8
5547,9
5548,9
5549,9
5550,9
5551,9
5552,9
5553,9
5554,10
5555,10
5556,10
5557,10
5558,10
5559,9
5560,8
5561,9
5562,8
5563,8
5564,9
5565,8
5566,9
5567,9
5568,9
5569,8
5570,8
5571,9
5572,9
5573,9
5574,9
5575,9
5576,10
5577,10
5578,9
5579,10
5580,10
5581,10
5582,8
5583,8
5584,9
5585,9
5586,9
5587,10
5588,9
5589,10
5590,10
5591,10
5592,10
5593,10
5594,9
5595,9
5596,10
5597,10
5598,10
5599,10
5600,9
5601,9
5602,9
5603,8
5604,8
5605,8
5606,8
5607,8
5608,8
5609,9
5610,9
5611,8
5612,8
5613,9
5614,8
5615,9
5616,8
5617,8
5618,7
5619,6
5620,7
5621,7
5622,6
5623,6
5624,6
5625,5
5626,5
5627,5
5628,5
5629,5
5630,4
5631,5
5632,5
5633,5
5634,4
5635,5
5636,5
5637,5
5638,5
5639,5
5640,4
5641,5
5642,4
5643,4
5644,4
5645,4
5646,4
5647,4
5648,4
5649,4
5650,4
5651,5
5652,5
5653,4
5654,4
5655,4
5656,4
5657,5
5658,7
5659,5
5660,5
5661,6
5662,7
5663,8
5664,8
5665,8
5666,7
5667,9
5668,8
5669,9
5670,7
5671,8
5672,9
5673,8
5674,9
5675,10
5676,10
5677,9
5678,10
5679,9
5680,10
5681,9
5682,10
5683,9
5684,10
5685,9
5686,10
5687,10
5688,9
5689,10
5690,10
5691,9
5692,10
5693,10
5694,10
5695,10
5696,10
5697,10
5698,10
5699,10
5700,10
5701,10
5702,10
5703,10
5704,10
5705,9
5706,9
5707,9
5708,9
5709,8
5710,8
5711,9
5712,8
5713,8
5714,10
5715,8
5716,10
5717,10
5718,10
5719,10
5720,10
5721,10
5722,9
5723,9
5724,9
5725,10
5726,9
5727,10
5728,9
5729,10
5730,10
5731,9
5732,10
5733,9
5734,9
5735,10
5736,10
5737,10
5738,8
5739,10
5740,9
5741,10
5742,8
5743,9
5744,10
5745,10
5746,8
5747,9
5748,8
5749,10
5750,9
5751,8
5752,8
5753,10
5754,8
5755,8
5756,8
5757,8
5758,8
5759,7
5760,7
5761,6
5762,6
5763,5
5764,6
5765,5
5766,6
5767,5
5768,4
5769,5
5770,5
5771,4
5772,5
5773,6
5774,5
5775,5
5776,5
5777,4
5778,4
5779,4
5780,4
5781,4
5782,4
5783,4
5784,4
5785,4
5786,4
5787,4
5788,4
5789,4
5790,4
5791,4
5792,4
5793,4
5794,4
5795,4
5796,4
5797,4
5798,4
5799,4
5800,4
5801,4
5802,5
5803,5
5804,5
5805,6
5806,6
5807,7
5808,6
5809,7
5810,7
5811,8
5812,8
5813,7
5814,8
5815,8
5816,9
5817,9
5818,9
5819,9
5820,9
5821,9
5822,10
5823,9
5824,10
5825,9
5826,9
5827,10
5828,9
5829,10
5830,10
5831,10
5832,9
5833,10
5834,10
5835,10
5836,10
5837,9
5838,9
5839,9
5840,10
5841,10
5842,10
5843,10
5844,10
5845,9
5846,9
5847,9
5848,10
5849,9
5850,10
5851,10
5852,10
5853,10
5854,10
5855,10
5856,10
5857,10
5858,9
5859,10
5860,10
5861,10
5862,10
5863,9
5864,10
5865,9
5866,10
5867,9
5868,10
5869,9
5870,10
5871,10
5872,9
5873,10
5874,10
5875,10
5876,10
5877,10
5878,10
5879,10
5880,10
5881,10
5882,10
5883,10
5884,10
5885,10
5886,10
5887,10
5888,10
5889,10
5890,10
5891,10
5892,10
5893,10
5894,10
5895,10
5896,8
5897,10
5898,10
5899,9
5900,10
5901,10
5902,10
5903,10
5904,10
5905,10
5906,10
5907,7
5908,6
5909,6
5910,7
5911,7
5912,7
5913,7
5914,7
5915,7
5916,7
5917,7
5918,7
5919,6
5920,6
5921,6
5922,6
5923,7
5924,5
5925,5
5926,5
5927,5
5928,6
5929,6
5930,6
5931,5
5932,5
5933,5
5934,6
5935,5
5936,6
5937,5
5938,5
5939,5
5940,5
5941,5
5942,6
5943,5
5944,6
5945,6
5946,6
5947,7
5948,7
5949,8
5950,9
5951,8
5952,7
5953,8
5954,8
5955,9
5956,9
5957,9
5958,9
5959,10
5960,10
5961,9
5962,8
5963,9
5964,9
5965,10
5966,10
5967,10
5968,10
5969,10
5970,10
5971,10
5972,10
5973,10
5974,10
5975,10
5976,10
5977,10
5978,10
5979,10
5980,10
5981,10
5982,10
5983,10
5984,10
5985,10
5986,10
5987,10
5988,10
5989,10
5990,10
5991,10
5992,10
5993,10
5994,10
5995,10
5996,10
5997,10
5998,10
5999,10
6000,9
6001,10
6002,9
6003,10
6004,10
6005,10
6006,10
6007,10
6008,10
6009,9
6010,10
6011,9
6012,9
6013,10
6014,9
6015,8
6016,9
6017,10
6018,10
6019,10
6020,10
6021,10
6022,10
6023,10
6024,10
6025,10
6026,10
6027,10
6028,10
6029,10
6030,10
6031,10
6032,10
6033,10
6034,9
6035,9
6036,10
6037,10
6038,8
6039,8
6040,8
6041,8
6042,9
6043,10
6044,10
6045,8
6046,8
6047,8
6048,8
6049,7
6050,8
6051,7
6052,7
6053,7
6054,7
6055,7
6056,6
6057,6
6058,6
6059,5
6060,6
6061,7
6062,5
6063,7
6064,6
6065,5
6066,5
6067,5
6068,5
6069,5
6070,5
6071,4
6072,5
6073,5
6074,5
6075,4
6076,5
6077,5
6078,4
6079,5
6080,5
6081,4
6082,4
6083,4
6084,5
6085,5
6086,5
6087,5
6088,5
6089,5
6090,5
6091,6
6092,6
6093,7
6094,8
6095,8
6096,7
6097,9
6098,7
6099,8
6100,9
6101,8
6102,9
6103,9
6104,8
6105,9
6106,9
6107,10
6108,10
6109,10
6110,10
6111,10
6112,10
6113,8
6114,9
6115,7
6116,8
6117,9
6118,8
6119,9
6120,9
6121,9
6122,8
6123,8
6124,10
6125,9
6126,10
6127,10
6128,8
6129,9
6130,10
6131,9
6132,10
6133,9
6134,8
6135,9
6136,10
6137,10
6138,9
6139,9
6140,9
6141,10
6142,9
6143,9
6144,9
6145,8
6146,8
6147,9
6148,8
6149,9
6150,10
6151,8
6152,9
6153,9
6154,9
6155,9
6156,9
6157,10
6158,8
6159,10
6160,9
6161,9
6162,9
6163,9
6164,8
6165,9
6166,9
6167,7
6168,8
6169,8
6170,8
6171,8
6172,9
6173,8
6174,9
6175,9
6176,8
6177,9
6178,9
6179,8
6180,9
6181,10
6182,9
6183,9
6184,10
6185,9
6186,9
6187,9
6188,8
6189,8
6190,8
6191,8
6192,8
6193,8
6194,7
6195,8
6196,7
6197,7
6198,7
6199,7
6200,7
6201,7
6202,7
6203,7
6204,6
6205,6
6206,6
6207,6
6208,6
6209,5
6210,5
6211,5
6212,5
6213,5
6214,5
6215,5
6216,5
6217,5
6218,5
6219,4
6220,5
6221,4
6222,5
6223,5
6224,5
6225,5
6226,5
6227,4
6228,4
6229,4
6230,4
6231,4
6232,5
6233,4
6234,4
6235,5
6236,5
6237,4
6238,5
6239,5
6240,5
6241,5
6242,5
6243,6
6244,6
6245,6
6246,6
6247,7
6248,6
6249,6
6250,7
6251,7
6252,6
6253,7
6254,7
6255,7
6256,8
6257,7
6258,6
6259,7
6260,9
6261,8
6262,9
6263,9
6264,10
6265,10
6266,9
6267,9
6268,9
6269,9
6270,8
6271,7
6272,7
6273,8
6274,7
6275,7
6276,6
6277,7
6278,7
6279,6
6280,8
6281,7
6282,7
6283,7
6284,7
6285,7
6286,8
6287,7
6288,8
6289,7
6290,6
6291,7
6292,8
6293,7
6294,7
6295,7
6296,7
6297,8
6298,7
6299,7
6300,7
6301,9
6302,7
6303,7
6304,7
6305,7
6306,7
6307,7
6308,6
6309,7
6310,8
6311,8
6312,7
6313,8
6314,7
6315,7
6316,7
6317,7
6318,8
6319,8
6320,8
6321,8
6322,9
6323,7
6324,8
6325,8
6326,9
6327,9
6328,9
6329,7
6330,8
6331,8
6332,8
6333,8
6334,8
6335,6
6336,6
6337,7
6338,7
6339,7
6340,7
6341,6
6342,6
6343,6
6344,5
6345,6
6346,6
6347,5
6348,5
6349,5
6350,5
6351,5
6352,5
6353,5
6354,5
6355,5
6356,5
6357,5
6358,4
6359,5
6360,4
6361,4
6362,4
6363,4
6364,4
6365,4
6366,5
6367,4
6368,4
6369,4
6370,4
6371,4
6372,4
6373,4
6374,3
6375,4
6376,4
6377,4
6378,4
6379,5
6380,4
6381,4
6382,4
6383,5
6384,4
6385,4
6386,4
6387,4
6388,4
6389,5
6390,4
6391,5
6392,5
6393,4
6394,5
6395,5
6396,5
6397,5
6398,5
6399,5
6400,6
6401,7
6402,7
6403,7
6404,7
6405,6
6406,8
6407,8
6408,6
6409,6
6410,6
6411,7
6412,7
6413,7
6414,8
6415,7
6416,8
6417,7
6418,8
6419,7
6420,7
6421,9
6422,8
6423,8
6424,7
6425,8
6426,8
6427,8
6428,8
6429,8
6430,8
6431,7
6432,7
6433,7
6434,6
6435,7
6436,8
6437,8
6438,8
6439,9
6440,8
6441,8
6442,10
6443,10
6444,10
6445,10
6446,10
6447,10
6448,10
6449,10
6450,10
6451,10
6452,10
6453,10
6454,8
6455,8
6456,9
6457,8
6458,9
6459,9
6460,8
6461,8
6462,8
6463,8
6464,9
6465,8
6466,9
6467,8
6468,7
6469,7
6470,7
6471,6
6472,7
6473,8
6474,7
6475,7
6476,9
6477,6
6478,7
6479,8
6480,7
6481,6
6482,6
6483,5
6484,5
6485,5
6486,6
6487,6
6488,5
6489,5
6490,5
6491,5
6492,4
6493,5
6494,4
6495,5
6496,4
6497,5
6498,4
6499,4
6500,4
6501,5
6502,4
6503,5
6504,4
6505,4
6506,4
6507,4
6508,4
6509,4
6510,4
6511,4
6512,4
6513,4
6514,4
6515,4
6516,4
6517,4
6518,4
6519,5
6520,5
6521,4
6522,5
6523,5
6524,5
6525,5
6526,7
6527,6
6528,6
6529,7
6530,7
6531,7
6532,7
6533,7
6534,6
6535,9
6536,7
6537,7
6538,8
6539,8
6540,7
6541,7
6542,8
6543,7
6544,8
6545,8
6546,8
6547,8
6548,9
6549,8
6550,9
6551,9
6552,9
6553,9
6554,9
6555,9
6556,10
6557,10
6558,10
6559,10
6560,9
6561,10
6562,10
6563,10
6564,9
6565,10
6566,8
6567,9
6568,9
6569,8
6570,9
6571,8
6572,8
6573,8
6574,9
6575,8
6576,7
6577,8
6578,9
6579,8
6580,8
6581,9
6582,9
6583,9
6584,9
6585,8
6586,9
6587,9
6588,9
6589,9
6590,10
6591,7
6592,9
6593,8
6594,8
6595,8
6596,9
6597,9
6598,9
6599,9
6600,10
6601,10
6602,10
6603,10
6604,10
6605,10
6606,9
6607,10
6608,10
6609,9
6610,9
6611,9
6612,8
6613,8
6614,9
6615,9
6616,9
6617,9
6618,9
6619,8
6620,8
6621,8
6622,7
6623,8
6624,7
6625,7
6626,7
6627,6
6628,7
6629,8
6630,6
6631,5
6632,6
6633,5
6634,4
6635,5
6636,4
6637,4
6638,5
6639,4
6640,4
6641,5
6642,4
6643,4
6644,4
6645,4
6646,4
6647,4
6648,4
6649,4
6650,4
6651,4
6652,4
6653,4
6654,4
6655,4
6656,4
6657,4
6658,4
6659,5
6660,4
6661,5
6662,4
6663,4
6664,5
6665,5
6666,5
6667,5
6668,5
6669,5
6670,7
6671,7
6672,7
6673,6
6674,7
6675,6
6676,7
6677,9
6678,6
6679,8
6680,7
6681,8
6682,7
6683,7
6684,7
6685,7
6686,8
6687,9
6688,9
6689,9
6690,9
6691,8
6692,9
6693,9
6694,9
6695,8
6696,9
6697,9
6698,9
6699,10
6700,9
6701,10
6702,10
6703,10
6704,10
6705,10
6706,10
6707,10
6708,10
6709,9
6710,9
6711,9
6712,9
6713,9
6714,9
6715,9
6716,9
6717,9
6718,10
6719,10
6720,10
6721,10
6722,9
6723,10
6724,10
6725,10
6726,10
6727,9
6728,10
6729,10
6730,10
6731,10
6732,10
6733,10
6734,10
6735,10
6736,10
6737,10
6738,10
6739,10
6740,10
6741,10
6742,10
6743,10
6744,10
6745,9
6746,9
6747,10
6748,10
6749,10
6750,8
6751,10
6752,9
6753,8
6754,9
6755,8
6756,9
6757,7
6758,7
6759,7
6760,8
6761,7
6762,7
6763,7
6764,7
6765,7
6766,6
6767,7
6768,7
6769,7
6770,6
6771,5
6772,6
6773,5
6774,5